<customapi uniquename="afk_PerformanceBenchmarkCustomMessageManyInput">
  <allowedcustomprocessingsteptype>0</allowedcustomprocessingsteptype>
  <bindingtype>0</bindingtype>
  <description default="Performance Benchmark Custom Message - Many Input">
    <label description="Performance Benchmark Custom Message - Many Input" languagecode="1033" />
  </description>
  <displayname default="Performance Benchmark Custom Message - Many Input">
    <label description="Performance Benchmark Custom Message - Many Input" languagecode="1033" />
  </displayname>
  <iscustomizable>1</iscustomizable>
  <isfunction>0</isfunction>
  <isprivate>0</isprivate>
  <name>Performance Benchmark Custom Message - Many Input</name>
  <plugintypeid>
    <plugintypeid>339d7da8-392d-437e-a86e-99f7829a1e0a</plugintypeid>
  </plugintypeid>
  <workflowsdkstepenabled>0</workflowsdkstepenabled>
</customapi>