<customapi uniquename="afk_PerformanceBenchmarkCustomMessageLotsOfInput">
  <allowedcustomprocessingsteptype>0</allowedcustomprocessingsteptype>
  <bindingtype>0</bindingtype>
  <description default="Performance Benchmark Custom Message - Lots of Input">
    <label description="Performance Benchmark Custom Message - Lots of Input" languagecode="1033" />
  </description>
  <displayname default="Performance Benchmark Custom Message - Lots of Input">
    <label description="Performance Benchmark Custom Message - Lots of Input" languagecode="1033" />
  </displayname>
  <iscustomizable>1</iscustomizable>
  <isfunction>0</isfunction>
  <isprivate>0</isprivate>
  <name>Performance Benchmark Custom Message - Lots of Input</name>
  <plugintypeid>
    <plugintypeid>e5a7fba7-775d-4518-a055-09abadebfa6b</plugintypeid>
  </plugintypeid>
  <workflowsdkstepenabled>0</workflowsdkstepenabled>
</customapi>