<ImportExportXml version="9.2.21055.137" SolutionPackageVersion="9.2" languagecode="1033" generatedBy="CrmLive" xmlns:xsi="http://www.w3.org/2001/XMLSchema-instance">
  <SolutionManifest>
    <UniqueName>PluginBenchmark</UniqueName>
    <LocalizedNames>
      <LocalizedName description="Performance Benchmarks" languagecode="1033" />
    </LocalizedNames>
    <Descriptions />
    <Version>1.0.0.0</Version>
    <Managed>0</Managed>
    <Publisher>
      <UniqueName>AidenFKaskela</UniqueName>
      <LocalizedNames>
        <LocalizedName description="Aiden F. Kaskela, Microsoft MVP" languagecode="1033" />
      </LocalizedNames>
      <Descriptions>
        <Description description="Microsoft Business Applications MVP. Check out my blog at WorkflowElements.com for free Power Platform / Dynamics addons and more, and hit me up on Twitter @AidenKaskela." languagecode="1033" />
      </Descriptions>
      <EMailAddress>Aiden.Kaskela@Exalents.com</EMailAddress>
      <SupportingWebsiteUrl>https://WorkflowElements.com</SupportingWebsiteUrl>
      <CustomizationPrefix>afk</CustomizationPrefix>
      <CustomizationOptionValuePrefix>22254</CustomizationOptionValuePrefix>
      <Addresses>
        <Address>
          <AddressNumber>1</AddressNumber>
          <AddressTypeCode>1</AddressTypeCode>
          <City xsi:nil="true"></City>
          <County xsi:nil="true"></County>
          <Country xsi:nil="true"></Country>
          <Fax xsi:nil="true"></Fax>
          <FreightTermsCode xsi:nil="true"></FreightTermsCode>
          <ImportSequenceNumber xsi:nil="true"></ImportSequenceNumber>
          <Latitude xsi:nil="true"></Latitude>
          <Line1 xsi:nil="true"></Line1>
          <Line2 xsi:nil="true"></Line2>
          <Line3 xsi:nil="true"></Line3>
          <Longitude xsi:nil="true"></Longitude>
          <Name xsi:nil="true"></Name>
          <PostalCode xsi:nil="true"></PostalCode>
          <PostOfficeBox xsi:nil="true"></PostOfficeBox>
          <PrimaryContactName xsi:nil="true"></PrimaryContactName>
          <ShippingMethodCode>1</ShippingMethodCode>
          <StateOrProvince xsi:nil="true"></StateOrProvince>
          <Telephone1>Twitter - @AidenKaskela</Telephone1>
          <Telephone2 xsi:nil="true"></Telephone2>
          <Telephone3 xsi:nil="true"></Telephone3>
          <TimeZoneRuleVersionNumber xsi:nil="true"></TimeZoneRuleVersionNumber>
          <UPSZone xsi:nil="true"></UPSZone>
          <UTCOffset xsi:nil="true"></UTCOffset>
          <UTCConversionTimeZoneCode xsi:nil="true"></UTCConversionTimeZoneCode>
        </Address>
        <Address>
          <AddressNumber>2</AddressNumber>
          <AddressTypeCode>1</AddressTypeCode>
          <City xsi:nil="true"></City>
          <County xsi:nil="true"></County>
          <Country xsi:nil="true"></Country>
          <Fax xsi:nil="true"></Fax>
          <FreightTermsCode xsi:nil="true"></FreightTermsCode>
          <ImportSequenceNumber xsi:nil="true"></ImportSequenceNumber>
          <Latitude xsi:nil="true"></Latitude>
          <Line1 xsi:nil="true"></Line1>
          <Line2 xsi:nil="true"></Line2>
          <Line3 xsi:nil="true"></Line3>
          <Longitude xsi:nil="true"></Longitude>
          <Name xsi:nil="true"></Name>
          <PostalCode xsi:nil="true"></PostalCode>
          <PostOfficeBox xsi:nil="true"></PostOfficeBox>
          <PrimaryContactName xsi:nil="true"></PrimaryContactName>
          <ShippingMethodCode>1</ShippingMethodCode>
          <StateOrProvince xsi:nil="true"></StateOrProvince>
          <Telephone1 xsi:nil="true"></Telephone1>
          <Telephone2 xsi:nil="true"></Telephone2>
          <Telephone3 xsi:nil="true"></Telephone3>
          <TimeZoneRuleVersionNumber xsi:nil="true"></TimeZoneRuleVersionNumber>
          <UPSZone xsi:nil="true"></UPSZone>
          <UTCOffset xsi:nil="true"></UTCOffset>
          <UTCConversionTimeZoneCode xsi:nil="true"></UTCConversionTimeZoneCode>
        </Address>
      </Addresses>
    </Publisher>
    <RootComponents>
      <RootComponent type="1" schemaName="afk_benchmarkinitiator" behavior="0" />
      <RootComponent type="1" schemaName="afk_benchmarksubject" behavior="0" />
      <RootComponent type="29" id="{72d838ff-d5aa-44c0-a198-9575275a63d3}" behavior="0" />
      <RootComponent type="29" id="{8b772327-3ec4-405a-9bdd-f7192a0da874}" behavior="0" />
      <RootComponent type="29" id="{f9b41800-99f4-4d8c-9921-836b555cd6bb}" behavior="0" />
      <RootComponent type="60" id="{7d0baf40-2972-41de-b022-4f62d76937d2}" behavior="0" />
      <RootComponent type="60" id="{9ecf0505-bb1d-4cb4-a62f-d198416c505e}" behavior="0" />
      <RootComponent type="91" id="{6f72e55e-4cdf-4721-940a-762f8c0174fc}" schemaName="Kaskela.PluginBenchmarks, Version=2.0.0.0, Culture=neutral, PublicKeyToken=849e8fa9362d777a" behavior="0" />
      <RootComponent type="92" id="{0212532f-e3bf-eb11-8236-000d3a5674cf}" behavior="0" />
      <RootComponent type="92" id="{165754bc-e3bf-eb11-8236-000d3a5674cf}" behavior="0" />
      <RootComponent type="92" id="{21d282b5-ddbf-eb11-8236-000d3a56712d}" behavior="0" />
      <RootComponent type="92" id="{4887c9c7-e5bf-eb11-8236-000d3a56712d}" behavior="0" />
      <RootComponent type="92" id="{589a6f3f-eebf-eb11-8236-000d3a56712d}" behavior="0" />
      <RootComponent type="92" id="{62434afe-e5bf-eb11-8236-000d3a56712d}" behavior="0" />
      <RootComponent type="92" id="{6c5d2cb4-e5bf-eb11-8236-000d3a56712d}" behavior="0" />
      <RootComponent type="92" id="{6ec6c9e7-e5bf-eb11-8236-000d3a56712d}" behavior="0" />
      <RootComponent type="92" id="{80a99327-e6bf-eb11-8236-000d3a56712d}" behavior="0" />
      <RootComponent type="92" id="{9a7d45e0-e3bf-eb11-8236-000d3a5674cf}" behavior="0" />
      <RootComponent type="92" id="{9ac8f167-e3bf-eb11-8236-000d3a56712d}" behavior="0" />
      <RootComponent type="92" id="{aa8a304c-eebf-eb11-8236-000d3a56712d}" behavior="0" />
      <RootComponent type="92" id="{ae59ea13-e6bf-eb11-8236-000d3a5674cf}" behavior="0" />
      <RootComponent type="92" id="{b2b9ade1-e5bf-eb11-8236-000d3a56712d}" behavior="0" />
      <RootComponent type="92" id="{b93c3706-e6bf-eb11-8236-000d3a56712d}" behavior="0" />
      <RootComponent type="92" id="{bf46f7a5-e5bf-eb11-8236-000d3a5674cf}" behavior="0" />
      <RootComponent type="92" id="{c5c0504d-e3bf-eb11-8236-000d3a5674cf}" behavior="0" />
      <RootComponent type="92" id="{ec29769f-e3bf-eb11-8236-000d3a56712d}" behavior="0" />
      <RootComponent type="92" id="{f0f9301b-dabf-eb11-8236-000d3a5674cf}" behavior="0" />
      <RootComponent type="92" id="{f7fda28a-e3bf-eb11-8236-000d3a56712d}" behavior="0" />
    </RootComponents>
    <MissingDependencies />
  </SolutionManifest>
</ImportExportXml>