<customapi uniquename="afk_PerformanceBenchmarkCustomMessageOneInput">
  <allowedcustomprocessingsteptype>0</allowedcustomprocessingsteptype>
  <bindingtype>0</bindingtype>
  <description default="Performance Benchmark Custom Message - One Input">
    <label description="Performance Benchmark Custom Message - One Input" languagecode="1033" />
  </description>
  <displayname default="Performance Benchmark Custom Message - One Input">
    <label description="Performance Benchmark Custom Message - One Input" languagecode="1033" />
  </displayname>
  <iscustomizable>1</iscustomizable>
  <isfunction>0</isfunction>
  <isprivate>0</isprivate>
  <name>Performance Benchmark Custom Message - One Input</name>
  <plugintypeid>
    <plugintypeid>1e0c3011-2a1f-43c4-96c4-496a5d59781e</plugintypeid>
  </plugintypeid>
  <workflowsdkstepenabled>0</workflowsdkstepenabled>
</customapi>